year,group,group2,account_t_d,mobileaccount_t_d
2011,all,all,0.204614192079115,NA
2014,all,all,0.44447154358521,0.351003784131435
2017,all,all,0.591991511838928,0.505812428982308
2021,all,all,0.65914011087313,0.537962366470604
2024,all,all,0.728273757556063,0.677382954204934
2011,gender,men,0.257830122357305,NA
2011,gender,women,0.150635186201917,NA
2014,gender,men,0.523556578891782,0.412346692034548
2014,gender,women,0.366332838325585,0.290394904312027
2017,gender,men,0.660769958679875,0.586420842131019
2017,gender,women,0.527064122025169,0.429717458782151
2021,gender,men,0.668822379222055,0.54526383200572
2021,gender,women,0.650628896875427,0.531544001122042
2024,gender,men,0.802678606568995,0.746449534919064
2024,gender,women,0.663670902474203,0.617415111193801
2011,income,richest 60%,0.274924665564368,NA
2011,income,poorest 40%,0.0987003834032227,NA
2014,income,richest 60%,0.54846542444063,0.442538455315914
2014,income,poorest 40%,0.288055038610712,0.213327093609889
2017,income,richest 60%,0.670711370790634,0.578256773312211
2017,income,poorest 40%,0.472989682640939,0.396297376426175
2021,income,richest 60%,0.755613540125371,0.645135107000022
2021,income,poorest 40%,0.513881762786007,0.376594253302683
2024,income,richest 60%,0.767587317463283,0.727589803373348
2024,income,poorest 40%,0.668868869234163,0.60151772411936
2011,age_cat,age 25+,0.262182801037121,NA
2011,age_cat,ages 15-24,0.123869481449529,NA
2014,age_cat,age 25+,0.509221527453947,0.408700036754215
2014,age_cat,ages 15-24,0.350350052812248,0.267135696691007
2017,age_cat,age 25+,0.606080276224175,0.504888464558707
2017,age_cat,ages 15-24,0.571416052179425,0.507161801589072
2021,age_cat,age 25+,0.681297546394425,0.55236883321053
2021,age_cat,ages 15-24,0.626527404861013,0.516758023395297
2024,age_cat,age 25+,0.769347109084957,0.709263705573571
2024,age_cat,ages 15-24,0.667441953214858,0.63016587653005
2024,urbanicity,rural,0.709270729904567,0.656703003732587
2024,urbanicity,urban,0.857484234125893,0.817995613670389
2011,laborforce,out of laborforce,0.0349318193908947,NA
2011,laborforce,in laborforce,0.31575754972239,NA
2014,laborforce,out of laborforce,0.312436862668231,0.269110590871011
2014,laborforce,in laborforce,0.498825735081251,0.384716429004627
2017,laborforce,out of laborforce,0.454286464996249,0.363230510452566
2017,laborforce,in laborforce,0.649295986890173,0.565146361764603
2021,laborforce,out of laborforce,0.501407699234014,0.412583678305337
2021,laborforce,in laborforce,0.722561910672235,0.588375226942714
2024,laborforce,out of laborforce,0.521507316915687,0.47047251011047
2024,laborforce,in laborforce,0.785317041234581,0.734465965945011
2011,education,secondary edu or more,0.262448435186157,NA
2011,education,prim edu or less,0.14222397840509,NA
2014,education,secondary edu or more,0.568559162855643,0.458025921125058
2014,education,prim edu or less,0.367948207806677,0.28490776019114
2017,education,secondary edu or more,0.768773878404043,0.663382734129409
2017,education,prim edu or less,0.466462653654414,0.393148396897919
2021,education,secondary edu or more,0.763483359671079,0.642786506422672
2021,education,prim edu or less,0.542593239824582,0.420654258514686
2024,education,secondary edu or more,0.802038805875702,0.753167318022057
2024,education,prim edu or less,0.648079887063478,0.59475113119961
